date,round,home_id,home_name,away_id,away_name,home_goals,away_goals,result
2023-08-11,Regular Season - 1,44,Burnley,50,Manchester City,0,3,2
2023-08-12,Regular Season - 1,42,Arsenal,65,Nottingham Forest,2,1,1
2023-08-12,Regular Season - 1,35,Bournemouth,48,West Ham,1,1,0
2023-08-12,Regular Season - 1,45,Everton,36,Fulham,0,1,2
2023-08-12,Regular Season - 1,51,Brighton,1359,Luton,4,1,1
2023-08-12,Regular Season - 1,62,Sheffield Utd,52,Crystal Palace,0,1,2
2023-08-12,Regular Season - 1,34,Newcastle,66,Aston Villa,5,1,1
2023-08-13,Regular Season - 1,55,Brentford,47,Tottenham,2,2,0
2023-08-13,Regular Season - 1,49,Chelsea,40,Liverpool,1,1,0
2023-08-14,Regular Season - 1,33,Manchester United,39,Wolves,1,0,1
2023-08-18,Regular Season - 2,65,Nottingham Forest,62,Sheffield Utd,2,1,1
2023-08-19,Regular Season - 2,36,Fulham,55,Brentford,0,3,2
2023-08-19,Regular Season - 2,39,Wolves,51,Brighton,1,4,2
2023-08-19,Regular Season - 2,40,Liverpool,35,Bournemouth,3,1,1
2023-08-19,Regular Season - 2,47,Tottenham,33,Manchester United,2,0,1
2023-08-19,Regular Season - 2,50,Manchester City,34,Newcastle,1,0,1
2023-08-20,Regular Season - 2,66,Aston Villa,45,Everton,4,0,1
2023-08-20,Regular Season - 2,48,West Ham,49,Chelsea,3,1,1
2023-08-21,Regular Season - 2,52,Crystal Palace,42,Arsenal,0,1,2
2023-08-25,Regular Season - 3,49,Chelsea,1359,Luton,3,0,1
2023-08-26,Regular Season - 3,35,Bournemouth,47,Tottenham,0,2,2
2023-08-26,Regular Season - 3,33,Manchester United,65,Nottingham Forest,3,2,1
2023-08-26,Regular Season - 3,42,Arsenal,36,Fulham,2,2,0
2023-08-26,Regular Season - 3,45,Everton,39,Wolves,0,1,2
2023-08-26,Regular Season - 3,55,Brentford,52,Crystal Palace,1,1,0
2023-08-26,Regular Season - 3,51,Brighton,48,West Ham,1,3,2
2023-08-27,Regular Season - 3,44,Burnley,66,Aston Villa,1,3,2
2023-08-27,Regular Season - 3,62,Sheffield Utd,50,Manchester City,1,2,2
2023-08-27,Regular Season - 3,34,Newcastle,40,Liverpool,1,2,2
2023-09-01,Regular Season - 4,1359,Luton,48,West Ham,1,2,2
2023-09-02,Regular Season - 4,62,Sheffield Utd,45,Everton,2,2,0
2023-09-02,Regular Season - 4,44,Burnley,47,Tottenham,2,5,2
2023-09-02,Regular Season - 4,49,Chelsea,65,Nottingham Forest,0,1,2
2023-09-02,Regular Season - 4,50,Manchester City,36,Fulham,5,1,1
2023-09-02,Regular Season - 4,55,Brentford,35,Bournemouth,2,2,0
2023-09-02,Regular Season - 4,51,Brighton,34,Newcastle,3,1,1
2023-09-03,Regular Season - 4,40,Liverpool,66,Aston Villa,3,0,1
2023-09-03,Regular Season - 4,52,Crystal Palace,39,Wolves,3,2,1
2023-09-03,Regular Season - 4,42,Arsenal,33,Manchester United,3,1,1
2023-09-16,Regular Season - 5,39,Wolves,40,Liverpool,1,3,2
2023-09-16,Regular Season - 5,33,Manchester United,51,Brighton,1,3,2
2023-09-16,Regular Season - 5,36,Fulham,1359,Luton,1,0,1
2023-09-16,Regular Season - 5,47,Tottenham,62,Sheffield Utd,2,1,1
2023-09-16,Regular Season - 5,48,West Ham,50,Manchester City,1,3,2
2023-09-16,Regular Season - 5,66,Aston Villa,52,Crystal Palace,3,1,1
2023-09-16,Regular Season - 5,34,Newcastle,55,Brentford,1,0,1
2023-09-17,Regular Season - 5,35,Bournemouth,49,Chelsea,0,0,0
2023-09-17,Regular Season - 5,45,Everton,42,Arsenal,0,1,2
2023-09-18,Regular Season - 5,65,Nottingham Forest,44,Burnley,1,1,0
2023-09-23,Regular Season - 6,50,Manchester City,65,Nottingham Forest,2,0,1
2023-09-23,Regular Season - 6,52,Crystal Palace,36,Fulham,0,0,0
2023-09-23,Regular Season - 6,1359,Luton,39,Wolves,1,1,0
2023-09-23,Regular Season - 6,55,Brentford,45,Everton,1,3,2
2023-09-23,Regular Season - 6,44,Burnley,33,Manchester United,0,1,2
2023-09-24,Regular Season - 6,40,Liverpool,48,West Ham,3,1,1
2023-09-24,Regular Season - 6,42,Arsenal,47,Tottenham,2,2,0
2023-09-24,Regular Season - 6,49,Chelsea,66,Aston Villa,0,1,2
2023-09-24,Regular Season - 6,51,Brighton,35,Bournemouth,3,1,1
2023-09-24,Regular Season - 6,62,Sheffield Utd,34,Newcastle,0,8,2
2023-09-30,Regular Season - 7,66,Aston Villa,51,Brighton,6,1,1
2023-09-30,Regular Season - 7,33,Manchester United,52,Crystal Palace,0,1,2
2023-09-30,Regular Season - 7,34,Newcastle,44,Burnley,2,0,1
2023-09-30,Regular Season - 7,35,Bournemouth,42,Arsenal,0,4,2
2023-09-30,Regular Season - 7,39,Wolves,50,Manchester City,2,1,1
2023-09-30,Regular Season - 7,45,Everton,1359,Luton,1,2,2
2023-09-30,Regular Season - 7,48,West Ham,62,Sheffield Utd,2,0,1
2023-09-30,Regular Season - 7,47,Tottenham,40,Liverpool,2,1,1
2023-10-01,Regular Season - 7,65,Nottingham Forest,55,Brentford,1,1,0
2023-10-02,Regular Season - 7,36,Fulham,49,Chelsea,0,2,2
2023-10-03,Regular Season - 2,1359,Luton,44,Burnley,1,2,2
2023-10-07,Regular Season - 8,1359,Luton,47,Tottenham,0,1,2
2023-10-07,Regular Season - 8,33,Manchester United,55,Brentford,2,1,1
2023-10-07,Regular Season - 8,36,Fulham,62,Sheffield Utd,3,1,1
2023-10-07,Regular Season - 8,44,Burnley,49,Chelsea,1,4,2
2023-10-07,Regular Season - 8,45,Everton,35,Bournemouth,3,0,1
2023-10-07,Regular Season - 8,52,Crystal Palace,65,Nottingham Forest,0,0,0
2023-10-08,Regular Season - 8,39,Wolves,66,Aston Villa,1,1,0
2023-10-08,Regular Season - 8,48,West Ham,34,Newcastle,2,2,0
2023-10-08,Regular Season - 8,51,Brighton,40,Liverpool,2,2,0
2023-10-08,Regular Season - 8,42,Arsenal,50,Manchester City,1,0,1
2023-10-21,Regular Season - 9,40,Liverpool,45,Everton,2,0,1
2023-10-21,Regular Season - 9,34,Newcastle,52,Crystal Palace,4,0,1
2023-10-21,Regular Season - 9,35,Bournemouth,39,Wolves,1,2,2
2023-10-21,Regular Season - 9,50,Manchester City,51,Brighton,2,1,1
2023-10-21,Regular Season - 9,55,Brentford,44,Burnley,3,0,1
2023-10-21,Regular Season - 9,65,Nottingham Forest,1359,Luton,2,2,0
2023-10-21,Regular Season - 9,49,Chelsea,42,Arsenal,2,2,0
2023-10-21,Regular Season - 9,62,Sheffield Utd,33,Manchester United,1,2,2
2023-10-22,Regular Season - 9,66,Aston Villa,48,West Ham,4,1,1
2023-10-23,Regular Season - 9,47,Tottenham,36,Fulham,2,0,1
2023-10-27,Regular Season - 10,52,Crystal Palace,47,Tottenham,1,2,2
2023-10-28,Regular Season - 10,49,Chelsea,55,Brentford,0,2,2
2023-10-28,Regular Season - 10,35,Bournemouth,44,Burnley,2,1,1
2023-10-28,Regular Season - 10,42,Arsenal,62,Sheffield Utd,5,0,1
2023-10-28,Regular Season - 10,39,Wolves,34,Newcastle,2,2,0
2023-10-29,Regular Season - 10,48,West Ham,45,Everton,0,1,2
2023-10-29,Regular Season - 10,40,Liverpool,65,Nottingham Forest,3,0,1
2023-10-29,Regular Season - 10,51,Brighton,36,Fulham,1,1,0
2023-10-29,Regular Season - 10,66,Aston Villa,1359,Luton,3,1,1
2023-10-29,Regular Season - 10,33,Manchester United,50,Manchester City,0,3,2
2023-11-04,Regular Season - 11,36,Fulham,33,Manchester United,0,1,2
2023-11-04,Regular Season - 11,44,Burnley,52,Crystal Palace,0,2,2
2023-11-04,Regular Season - 11,45,Everton,51,Brighton,1,1,0
2023-11-04,Regular Season - 11,50,Manchester City,35,Bournemouth,6,1,1
2023-11-04,Regular Season - 11,55,Brentford,48,West Ham,3,2,1
2023-11-04,Regular Season - 11,62,Sheffield Utd,39,Wolves,2,1,1
2023-11-04,Regular Season - 11,34,Newcastle,42,Arsenal,1,0,1
2023-11-05,Regular Season - 11,65,Nottingham Forest,66,Aston Villa,2,0,1
2023-11-05,Regular Season - 11,1359,Luton,40,Liverpool,1,1,0
2023-11-06,Regular Season - 11,47,Tottenham,49,Chelsea,1,4,2
2023-11-11,Regular Season - 12,39,Wolves,47,Tottenham,2,1,1
2023-11-11,Regular Season - 12,33,Manchester United,1359,Luton,1,0,1
2023-11-11,Regular Season - 12,42,Arsenal,44,Burnley,3,1,1
2023-11-11,Regular Season - 12,52,Crystal Palace,45,Everton,2,3,2
2023-11-11,Regular Season - 12,35,Bournemouth,34,Newcastle,2,0,1
2023-11-12,Regular Season - 12,40,Liverpool,55,Brentford,3,0,1
2023-11-12,Regular Season - 12,48,West Ham,65,Nottingham Forest,3,2,1
2023-11-12,Regular Season - 12,51,Brighton,62,Sheffield Utd,1,1,0
2023-11-12,Regular Season - 12,66,Aston Villa,36,Fulham,3,1,1
2023-11-12,Regular Season - 12,49,Chelsea,50,Manchester City,4,4,0
2023-11-25,Regular Season - 13,50,Manchester City,40,Liverpool,1,1,0
2023-11-25,Regular Season - 13,34,Newcastle,49,Chelsea,4,1,1
2023-11-25,Regular Season - 13,44,Burnley,48,West Ham,1,2,2
2023-11-25,Regular Season - 13,62,Sheffield Utd,35,Bournemouth,1,3,2
2023-11-25,Regular Season - 13,65,Nottingham Forest,51,Brighton,2,3,2
2023-11-25,Regular Season - 13,1359,Luton,52,Crystal Palace,2,1,1
2023-11-25,Regular Season - 13,55,Brentford,42,Arsenal,0,1,2
2023-11-26,Regular Season - 13,47,Tottenham,66,Aston Villa,1,2,2
2023-11-26,Regular Season - 13,45,Everton,33,Manchester United,0,3,2
2023-11-27,Regular Season - 13,36,Fulham,39,Wolves,3,2,1
2023-12-02,Regular Season - 14,42,Arsenal,39,Wolves,2,1,1
2023-12-02,Regular Season - 14,44,Burnley,62,Sheffield Utd,5,0,1
2023-12-02,Regular Season - 14,55,Brentford,1359,Luton,3,1,1
2023-12-02,Regular Season - 14,65,Nottingham Forest,45,Everton,0,1,2
2023-12-02,Regular Season - 14,34,Newcastle,33,Manchester United,1,0,1
2023-12-03,Regular Season - 14,35,Bournemouth,66,Aston Villa,2,2,0
2023-12-03,Regular Season - 14,40,Liverpool,36,Fulham,4,3,1
2023-12-03,Regular Season - 14,48,West Ham,52,Crystal Palace,1,1,0
2023-12-03,Regular Season - 14,49,Chelsea,51,Brighton,3,2,1
2023-12-03,Regular Season - 14,50,Manchester City,47,Tottenham,3,3,0
2023-12-05,Regular Season - 15,39,Wolves,44,Burnley,1,0,1
2023-12-05,Regular Season - 15,1359,Luton,42,Arsenal,3,4,2
2023-12-06,Regular Season - 15,36,Fulham,65,Nottingham Forest,5,0,1
2023-12-06,Regular Season - 15,51,Brighton,55,Brentford,2,1,1
2023-12-06,Regular Season - 15,52,Crystal Palace,35,Bournemouth,0,2,2
2023-12-06,Regular Season - 15,62,Sheffield Utd,40,Liverpool,0,2,2
2023-12-06,Regular Season - 15,33,Manchester United,49,Chelsea,2,1,1
2023-12-06,Regular Season - 15,66,Aston Villa,50,Manchester City,1,0,1
2023-12-07,Regular Season - 15,45,Everton,34,Newcastle,3,0,1
2023-12-07,Regular Season - 15,47,Tottenham,48,West Ham,1,2,2
2023-12-09,Regular Season - 16,52,Crystal Palace,40,Liverpool,1,2,2
2023-12-09,Regular Season - 16,33,Manchester United,35,Bournemouth,0,3,2
2023-12-09,Regular Season - 16,39,Wolves,65,Nottingham Forest,1,1,0
2023-12-09,Regular Season - 16,51,Brighton,44,Burnley,1,1,0
2023-12-09,Regular Season - 16,62,Sheffield Utd,55,Brentford,1,0,1
2023-12-09,Regular Season - 16,66,Aston Villa,42,Arsenal,1,0,1
2023-12-10,Regular Season - 16,36,Fulham,48,West Ham,5,0,1
2023-12-10,Regular Season - 16,45,Everton,49,Chelsea,2,0,1
2023-12-10,Regular Season - 16,1359,Luton,50,Manchester City,1,2,2
2023-12-10,Regular Season - 16,47,Tottenham,34,Newcastle,4,1,1
2023-12-15,Regular Season - 17,65,Nottingham Forest,47,Tottenham,0,2,2
2023-12-16,Regular Season - 17,34,Newcastle,36,Fulham,3,0,1
2023-12-16,Regular Season - 17,49,Chelsea,62,Sheffield Utd,2,0,1
2023-12-16,Regular Season - 17,50,Manchester City,52,Crystal Palace,2,2,0
2023-12-16,Regular Season - 17,44,Burnley,45,Everton,0,2,2
2023-12-17,Regular Season - 17,42,Arsenal,51,Brighton,2,0,1
2023-12-17,Regular Season - 17,48,West Ham,39,Wolves,3,0,1
2023-12-17,Regular Season - 17,55,Brentford,66,Aston Villa,1,2,2
2023-12-17,Regular Season - 17,40,Liverpool,33,Manchester United,0,0,0
2023-12-21,Regular Season - 18,52,Crystal Palace,51,Brighton,1,1,0
2023-12-22,Regular Season - 18,66,Aston Villa,62,Sheffield Utd,1,1,0
2023-12-23,Regular Season - 18,48,West Ham,33,Manchester United,2,0,1
2023-12-23,Regular Season - 18,36,Fulham,44,Burnley,0,2,2
2023-12-23,Regular Season - 18,47,Tottenham,45,Everton,2,1,1
2023-12-23,Regular Season - 18,65,Nottingham Forest,35,Bournemouth,2,3,2
2023-12-23,Regular Season - 18,1359,Luton,34,Newcastle,1,0,1
2023-12-23,Regular Season - 18,40,Liverpool,42,Arsenal,1,1,0
2023-12-24,Regular Season - 18,39,Wolves,49,Chelsea,2,1,1
2023-12-26,Regular Season - 19,34,Newcastle,65,Nottingham Forest,1,3,2
2023-12-26,Regular Season - 19,35,Bournemouth,36,Fulham,3,0,1
2023-12-26,Regular Season - 19,62,Sheffield Utd,1359,Luton,2,3,2
2023-12-26,Regular Season - 19,44,Burnley,40,Liverpool,0,2,2
2023-12-26,Regular Season - 19,33,Manchester United,66,Aston Villa,3,2,1
2023-12-27,Regular Season - 19,49,Chelsea,52,Crystal Palace,2,1,1
2023-12-27,Regular Season - 19,55,Brentford,39,Wolves,1,4,2
2023-12-27,Regular Season - 19,45,Everton,50,Manchester City,1,3,2
2023-12-28,Regular Season - 19,51,Brighton,47,Tottenham,4,2,1
2023-12-28,Regular Season - 19,42,Arsenal,48,West Ham,0,2,2
2023-12-30,Regular Season - 20,1359,Luton,49,Chelsea,2,3,2
2023-12-30,Regular Season - 20,39,Wolves,45,Everton,3,0,1
2023-12-30,Regular Season - 20,50,Manchester City,62,Sheffield Utd,2,0,1
2023-12-30,Regular Season - 20,52,Crystal Palace,55,Brentford,3,1,1
2023-12-30,Regular Season - 20,66,Aston Villa,44,Burnley,3,2,1
2023-12-30,Regular Season - 20,65,Nottingham Forest,33,Manchester United,2,1,1
2023-12-31,Regular Season - 20,36,Fulham,42,Arsenal,2,1,1
2023-12-31,Regular Season - 20,47,Tottenham,35,Bournemouth,3,1,1
2024-01-01,Regular Season - 20,40,Liverpool,34,Newcastle,4,2,1
2024-01-02,Regular Season - 20,48,West Ham,51,Brighton,0,0,0
2024-01-12,Regular Season - 21,44,Burnley,1359,Luton,1,1,0
2024-01-13,Regular Season - 21,49,Chelsea,36,Fulham,1,0,1
2024-01-13,Regular Season - 21,34,Newcastle,50,Manchester City,2,3,2
2024-01-14,Regular Season - 21,45,Everton,66,Aston Villa,0,0,0
2024-01-14,Regular Season - 21,33,Manchester United,47,Tottenham,2,2,0
2024-01-20,Regular Season - 21,42,Arsenal,52,Crystal Palace,5,0,1
2024-01-20,Regular Season - 21,55,Brentford,65,Nottingham Forest,3,2,1
2024-01-21,Regular Season - 21,62,Sheffield Utd,48,West Ham,2,2,0
2024-01-21,Regular Season - 21,35,Bournemouth,40,Liverpool,0,4,2
2024-01-22,Regular Season - 21,51,Brighton,39,Wolves,0,0,0
2024-01-30,Regular Season - 22,65,Nottingham Forest,42,Arsenal,1,2,2
2024-01-30,Regular Season - 22,36,Fulham,45,Everton,0,0,0
2024-01-30,Regular Season - 22,1359,Luton,51,Brighton,4,0,1
2024-01-30,Regular Season - 22,52,Crystal Palace,62,Sheffield Utd,3,2,1
2024-01-30,Regular Season - 22,66,Aston Villa,34,Newcastle,1,3,2
2024-01-31,Regular Season - 22,47,Tottenham,55,Brentford,3,2,1
2024-01-31,Regular Season - 22,50,Manchester City,44,Burnley,3,1,1
2024-01-31,Regular Season - 22,40,Liverpool,49,Chelsea,4,1,1
2024-02-01,Regular Season - 22,48,West Ham,35,Bournemouth,1,1,0
2024-02-01,Regular Season - 22,39,Wolves,33,Manchester United,3,4,2
2024-02-03,Regular Season - 23,45,Everton,47,Tottenham,2,2,0
2024-02-03,Regular Season - 23,34,Newcastle,1359,Luton,4,4,0
2024-02-03,Regular Season - 23,44,Burnley,36,Fulham,2,2,0
2024-02-03,Regular Season - 23,51,Brighton,52,Crystal Palace,4,1,1
2024-02-03,Regular Season - 23,62,Sheffield Utd,66,Aston Villa,0,5,2
2024-02-04,Regular Season - 23,33,Manchester United,48,West Ham,3,0,1
2024-02-04,Regular Season - 23,35,Bournemouth,65,Nottingham Forest,1,1,0
2024-02-04,Regular Season - 23,49,Chelsea,39,Wolves,2,4,2
2024-02-04,Regular Season - 23,42,Arsenal,40,Liverpool,3,1,1
2024-02-05,Regular Season - 23,55,Brentford,50,Manchester City,1,3,2
2024-02-10,Regular Season - 24,50,Manchester City,45,Everton,2,0,1
2024-02-10,Regular Season - 24,36,Fulham,35,Bournemouth,3,1,1
2024-02-10,Regular Season - 24,39,Wolves,55,Brentford,0,2,2
2024-02-10,Regular Season - 24,40,Liverpool,44,Burnley,3,1,1
2024-02-10,Regular Season - 24,47,Tottenham,51,Brighton,2,1,1
2024-02-10,Regular Season - 24,1359,Luton,62,Sheffield Utd,1,3,2
2024-02-10,Regular Season - 24,65,Nottingham Forest,34,Newcastle,2,3,2
2024-02-11,Regular Season - 24,48,West Ham,42,Arsenal,0,6,2
2024-02-11,Regular Season - 24,66,Aston Villa,33,Manchester United,1,2,2
2024-02-12,Regular Season - 24,52,Crystal Palace,49,Chelsea,1,3,2
2024-02-17,Regular Season - 25,55,Brentford,40,Liverpool,1,4,2
2024-02-17,Regular Season - 25,34,Newcastle,35,Bournemouth,2,2,0
2024-02-17,Regular Season - 25,36,Fulham,66,Aston Villa,1,2,2
2024-02-17,Regular Season - 25,44,Burnley,42,Arsenal,0,5,2
2024-02-17,Regular Season - 25,47,Tottenham,39,Wolves,1,2,2
2024-02-17,Regular Season - 25,65,Nottingham Forest,48,West Ham,2,0,1
2024-02-17,Regular Season - 25,50,Manchester City,49,Chelsea,1,1,0
2024-02-18,Regular Season - 25,62,Sheffield Utd,51,Brighton,0,5,2
2024-02-18,Regular Season - 25,1359,Luton,33,Manchester United,1,2,2
2024-02-19,Regular Season - 25,45,Everton,52,Crystal Palace,1,1,0
2024-02-20,Regular Season - 18,50,Manchester City,55,Brentford,1,0,1
2024-02-21,Regular Season - 26,40,Liverpool,1359,Luton,4,1,1
2024-02-24,Regular Season - 26,33,Manchester United,36,Fulham,1,2,2
2024-02-24,Regular Season - 26,51,Brighton,45,Everton,1,1,0
2024-02-24,Regular Season - 26,52,Crystal Palace,44,Burnley,3,0,1
2024-02-24,Regular Season - 26,66,Aston Villa,65,Nottingham Forest,4,2,1
2024-02-24,Regular Season - 26,35,Bournemouth,50,Manchester City,0,1,2
2024-02-24,Regular Season - 26,42,Arsenal,34,Newcastle,4,1,1
2024-02-25,Regular Season - 26,39,Wolves,62,Sheffield Utd,1,0,1
2024-02-26,Regular Season - 26,48,West Ham,55,Brentford,4,2,1
2024-03-02,Regular Season - 27,34,Newcastle,39,Wolves,3,0,1
2024-03-02,Regular Season - 27,36,Fulham,51,Brighton,3,0,1
2024-03-02,Regular Season - 27,45,Everton,48,West Ham,1,3,2
2024-03-02,Regular Season - 27,47,Tottenham,52,Crystal Palace,3,1,1
2024-03-02,Regular Season - 27,55,Brentford,49,Chelsea,2,2,0
2024-03-02,Regular Season - 27,65,Nottingham Forest,40,Liverpool,0,1,2
2024-03-02,Regular Season - 27,1359,Luton,66,Aston Villa,2,3,2
2024-03-03,Regular Season - 27,44,Burnley,35,Bournemouth,0,2,2
2024-03-03,Regular Season - 27,50,Manchester City,33,Manchester United,3,1,1
2024-03-04,Regular Season - 27,62,Sheffield Utd,42,Arsenal,0,6,2
2024-03-09,Regular Season - 28,33,Manchester United,45,Everton,2,0,1
2024-03-09,Regular Season - 28,35,Bournemouth,62,Sheffield Utd,2,2,0
2024-03-09,Regular Season - 28,39,Wolves,36,Fulham,2,1,1
2024-03-09,Regular Season - 28,52,Crystal Palace,1359,Luton,1,1,0
2024-03-09,Regular Season - 28,42,Arsenal,55,Brentford,2,1,1
2024-03-10,Regular Season - 28,66,Aston Villa,47,Tottenham,0,4,2
2024-03-10,Regular Season - 28,48,West Ham,44,Burnley,2,2,0
2024-03-10,Regular Season - 28,51,Brighton,65,Nottingham Forest,1,0,1
2024-03-10,Regular Season - 28,40,Liverpool,50,Manchester City,1,1,0
2024-03-11,Regular Season - 28,49,Chelsea,34,Newcastle,3,2,1
2024-03-13,Regular Season - 17,35,Bournemouth,1359,Luton,4,3,1
2024-03-16,Regular Season - 29,44,Burnley,55,Brentford,2,1,1
2024-03-16,Regular Season - 29,1359,Luton,65,Nottingham Forest,1,1,0
2024-03-16,Regular Season - 29,36,Fulham,47,Tottenham,3,0,1
2024-03-17,Regular Season - 29,48,West Ham,66,Aston Villa,1,1,0
2024-03-30,Regular Season - 30,34,Newcastle,48,West Ham,4,3,1
2024-03-30,Regular Season - 30,35,Bournemouth,45,Everton,2,1,1
2024-03-30,Regular Season - 30,47,Tottenham,1359,Luton,2,1,1
2024-03-30,Regular Season - 30,49,Chelsea,44,Burnley,2,2,0
2024-03-30,Regular Season - 30,62,Sheffield Utd,36,Fulham,3,3,0
2024-03-30,Regular Season - 30,65,Nottingham Forest,52,Crystal Palace,1,1,0
2024-03-30,Regular Season - 30,66,Aston Villa,39,Wolves,2,0,1
2024-03-30,Regular Season - 30,55,Brentford,33,Manchester United,1,1,0
2024-03-31,Regular Season - 30,40,Liverpool,51,Brighton,2,1,1
2024-03-31,Regular Season - 30,50,Manchester City,42,Arsenal,0,0,0
2024-04-02,Regular Season - 31,34,Newcastle,45,Everton,1,1,0
2024-04-02,Regular Season - 31,65,Nottingham Forest,36,Fulham,3,1,1
2024-04-02,Regular Season - 31,35,Bournemouth,52,Crystal Palace,1,0,1
2024-04-02,Regular Season - 31,44,Burnley,39,Wolves,1,1,0
2024-04-02,Regular Season - 31,48,West Ham,47,Tottenham,1,1,0
2024-04-03,Regular Season - 31,42,Arsenal,1359,Luton,2,0,1
2024-04-03,Regular Season - 31,55,Brentford,51,Brighton,0,0,0
2024-04-03,Regular Season - 31,50,Manchester City,66,Aston Villa,4,1,1
2024-04-04,Regular Season - 31,40,Liverpool,62,Sheffield Utd,3,1,1
2024-04-04,Regular Season - 31,49,Chelsea,33,Manchester United,4,3,1
2024-04-06,Regular Season - 32,52,Crystal Palace,50,Manchester City,2,4,2
2024-04-06,Regular Season - 32,36,Fulham,34,Newcastle,0,1,2
2024-04-06,Regular Season - 32,39,Wolves,48,West Ham,1,2,2
2024-04-06,Regular Season - 32,45,Everton,44,Burnley,1,0,1
2024-04-06,Regular Season - 32,66,Aston Villa,55,Brentford,3,3,0
2024-04-06,Regular Season - 32,1359,Luton,35,Bournemouth,2,1,1
2024-04-06,Regular Season - 32,51,Brighton,42,Arsenal,0,3,2
2024-04-07,Regular Season - 32,33,Manchester United,40,Liverpool,2,2,0
2024-04-07,Regular Season - 32,62,Sheffield Utd,49,Chelsea,2,2,0
2024-04-07,Regular Season - 32,47,Tottenham,65,Nottingham Forest,3,1,1
2024-04-13,Regular Season - 33,34,Newcastle,47,Tottenham,4,0,1
2024-04-13,Regular Season - 33,44,Burnley,51,Brighton,1,1,0
2024-04-13,Regular Season - 33,50,Manchester City,1359,Luton,5,1,1
2024-04-13,Regular Season - 33,55,Brentford,62,Sheffield Utd,2,0,1
2024-04-13,Regular Season - 33,65,Nottingham Forest,39,Wolves,2,2,0
2024-04-13,Regular Season - 33,35,Bournemouth,33,Manchester United,2,2,0
2024-04-14,Regular Season - 33,40,Liverpool,52,Crystal Palace,0,1,2
2024-04-14,Regular Season - 33,48,West Ham,36,Fulham,0,2,2
2024-04-14,Regular Season - 33,42,Arsenal,66,Aston Villa,0,2,2
2024-04-15,Regular Season - 33,49,Chelsea,45,Everton,6,0,1
2024-04-20,Regular Season - 34,62,Sheffield Utd,44,Burnley,1,4,2
2024-04-20,Regular Season - 34,1359,Luton,55,Brentford,1,5,2
2024-04-20,Regular Season - 34,39,Wolves,42,Arsenal,0,2,2
2024-04-21,Regular Season - 34,45,Everton,65,Nottingham Forest,2,0,1
2024-04-21,Regular Season - 34,52,Crystal Palace,48,West Ham,5,2,1
2024-04-21,Regular Season - 34,66,Aston Villa,35,Bournemouth,3,1,1
2024-04-21,Regular Season - 34,36,Fulham,40,Liverpool,1,3,2
2024-04-23,Regular Season - 29,42,Arsenal,49,Chelsea,5,0,1
2024-04-24,Regular Season - 29,39,Wolves,35,Bournemouth,0,1,2
2024-04-24,Regular Season - 29,33,Manchester United,62,Sheffield Utd,4,2,1
2024-04-24,Regular Season - 29,45,Everton,40,Liverpool,2,0,1
2024-04-24,Regular Season - 29,52,Crystal Palace,34,Newcastle,2,0,1
2024-04-25,Regular Season - 29,51,Brighton,50,Manchester City,0,4,2
2024-04-27,Regular Season - 35,48,West Ham,40,Liverpool,2,2,0
2024-04-27,Regular Season - 35,33,Manchester United,44,Burnley,1,1,0
2024-04-27,Regular Season - 35,34,Newcastle,62,Sheffield Utd,5,1,1
2024-04-27,Regular Season - 35,36,Fulham,52,Crystal Palace,1,1,0
2024-04-27,Regular Season - 35,39,Wolves,1359,Luton,2,1,1
2024-04-27,Regular Season - 35,45,Everton,55,Brentford,1,0,1
2024-04-27,Regular Season - 35,66,Aston Villa,49,Chelsea,2,2,0
2024-04-28,Regular Season - 35,35,Bournemouth,51,Brighton,3,0,1
2024-04-28,Regular Season - 35,47,Tottenham,42,Arsenal,2,3,2
2024-04-28,Regular Season - 35,65,Nottingham Forest,50,Manchester City,0,2,2
2024-05-02,Regular Season - 26,49,Chelsea,47,Tottenham,2,0,1
2024-05-03,Regular Season - 36,1359,Luton,45,Everton,1,1,0
2024-05-04,Regular Season - 36,42,Arsenal,35,Bournemouth,3,0,1
2024-05-04,Regular Season - 36,44,Burnley,34,Newcastle,1,4,2
2024-05-04,Regular Season - 36,55,Brentford,36,Fulham,0,0,0
2024-05-04,Regular Season - 36,62,Sheffield Utd,65,Nottingham Forest,1,3,2
2024-05-04,Regular Season - 36,50,Manchester City,39,Wolves,5,1,1
2024-05-05,Regular Season - 36,49,Chelsea,48,West Ham,5,0,1
2024-05-05,Regular Season - 36,51,Brighton,66,Aston Villa,1,0,1
2024-05-05,Regular Season - 36,40,Liverpool,47,Tottenham,4,2,1
2024-05-06,Regular Season - 36,52,Crystal Palace,33,Manchester United,4,0,1
2024-05-11,Regular Season - 37,36,Fulham,50,Manchester City,0,4,2
2024-05-11,Regular Season - 37,34,Newcastle,51,Brighton,1,1,0
2024-05-11,Regular Season - 37,35,Bournemouth,55,Brentford,1,2,2
2024-05-11,Regular Season - 37,39,Wolves,52,Crystal Palace,1,3,2
2024-05-11,Regular Season - 37,45,Everton,62,Sheffield Utd,1,0,1
2024-05-11,Regular Season - 37,47,Tottenham,44,Burnley,2,1,1
2024-05-11,Regular Season - 37,48,West Ham,1359,Luton,3,1,1
2024-05-11,Regular Season - 37,65,Nottingham Forest,49,Chelsea,2,3,2
2024-05-12,Regular Season - 37,33,Manchester United,42,Arsenal,0,1,2
2024-05-13,Regular Season - 37,66,Aston Villa,40,Liverpool,3,3,0
2024-05-14,Regular Season - 34,47,Tottenham,50,Manchester City,0,2,2
2024-05-15,Regular Season - 34,51,Brighton,49,Chelsea,1,2,2
2024-05-15,Regular Season - 34,33,Manchester United,34,Newcastle,3,2,1
2024-05-19,Regular Season - 38,40,Liverpool,39,Wolves,2,0,1
2024-05-19,Regular Season - 38,42,Arsenal,45,Everton,2,1,1
2024-05-19,Regular Season - 38,44,Burnley,65,Nottingham Forest,1,2,2
2024-05-19,Regular Season - 38,49,Chelsea,35,Bournemouth,2,1,1
2024-05-19,Regular Season - 38,50,Manchester City,48,West Ham,3,1,1
2024-05-19,Regular Season - 38,51,Brighton,33,Manchester United,0,2,2
2024-05-19,Regular Season - 38,52,Crystal Palace,66,Aston Villa,5,0,1
2024-05-19,Regular Season - 38,55,Brentford,34,Newcastle,2,4,2
2024-05-19,Regular Season - 38,62,Sheffield Utd,47,Tottenham,0,3,2
2024-05-19,Regular Season - 38,1359,Luton,36,Fulham,2,4,2
